PDB ID,,MHCName,,Epitope
1AO7,,HLA-A*02:01,,LLFGYPVYV
1BD2,,HLA-A*02:01,,LLFGYPVYV
1FO0,,H2-Kb,,INFDFNTI
1G6R,,H2-Kb,,SIYRYYGL
1KJ2,,H2-Kb,,KVITFIDL
1LP9,,HLA-A*02:01,,ALWGFFPVL
1MI5,,HLA-B*08:01,,FLRGRAYGL
1MWA,,H2-Kbm3,,EQYKFYSV
1NAM,,H2-Kb,,RGYVYQGL
1OGA,,HLA-A*02:01,,GILGFVFTL
1QRN,,HLA-A*02:01,,LLFGYAVYV
1QSE,,HLA-A*02:01,,LLFGYPRYV
1QSF,,HLA-A*02:01,,LLFGYPVAV
2AK4,,HLA-B*35:05,,LPEPLPQGQLTAY
2BNQ,,HLA-A*02:01,,SLLMWITQV
2BNR,,HLA-A*02:01,,SLLMWITQC
2CKB,,H2-Kb,,EQYKFYSV
2E7L,,H2-Ld,,QLSPFPFDL
2ESV,,HLA-E,,VMAPRTLIL
2F53,,HLA-A*02:01,,SLLMWITQC
2F54,,HLA-A*02:01,,SLLMWITQC
2GJ6,,HLA-A*02:01,,LLFGKPVYV
2J8U,,HLA-A*02:01*,,ALWGFFPVL
2JCC,,HLA-A*02:01*,,ALWGFFPVL
2NX5,,HLA-B*35:01,,EPLPQGQLTAY
2OI9,,H2-Ld,,QLSPFPFDL
2OL3,,H2-Kbm8,,SQYYYNSL
2P5E,,HLA-A*02:01,,SLLMWITQC
2P5W,,HLA-A*02:01,,SLLMWITQC
2PYE,,HLA-A*02:01,,SLLMWITQC
2UWE,,HLA-A*02:01*,,ALWGFFPVL
2VLJ,,HLA-A*02:01,,GILGFVFTL
2VLK,,HLA-A*02:01,,GILGFVFTL
2VLR,,HLA-A*02:01,,GILGFVFTL
2YPL,,HLA-B*57:01,,KAFSPEVIPMF
3D39,,HLA-A*02:01,,LLFGFPVYV
3D3V,,HLA-A*02:01,,LLFGFPVYV
3DXA,,HLA-B*44:05,,EENLLDFVRF
3E2H,,H2-Ld,,QLSPFPFDL
3E3Q,,H2-Ld,,QLSPFPFDL
3FFC,,HLA-B*08:01,,FLRGRAYGL
3GSN,,HLA-A*02:01,,NLVPMVATV
3H9S,,HLA-A*02:01,,MLWGYLQYV
3HG1,,HLA-A*02:01,,ELAGIGILTV
3KPR,,HLA-B*44:05,,EEYLKAWTF
3KPS,,HLA-B*44:05,,EEYLQAFTY
3KXF,,HLA-B*35:08,,LPEPLPQGQLTAY
3MV7,,HLA-B*35:01,,HPVGEADYFEY
3MV8,,HLA-B*35:01,,HPVGEADYFEY
3MV9,,HLA-B*35:01,,HPVGEADYFEY
3O4L,,HLA-A*02:01,,GLCTLVAML
3PQY,,H2-Db,,SSLENFRAYV
3PWP,,HLA-A*02:01,,LGYGFVNYI
3QDG,,HLA-A*02:01,,ELAGIGILTV
3QDJ,,HLA-A*02:01,,AAGIGILTV
3QDM,,HLA-A*02:01,,ELAGIGILTV
3QEQ,,HLA-A*02:01,,AAGIGILTV
3QFJ,,HLA-A*02:01,,LLFGFPVYV
3RGV,,H2-Kb,,WIYVYRPMGCGGS
3SJV,,HLA-B*08:01,,FLRGRAYGL
3TF7,,H2-Ld,,QLSPFPFDL
3TFK,,H2-Ld,,QLSDVPMDL
3TJH,,H2-Ld,,SPLDSLWWI
3TPU,,H2-Ld,,FLSPFWFDI
3UTS,,HLA-A*02:01,,ALWGPDPAAA
3UTT,,HLA-A*02:01,,ALWGPDPAAA
3VXM,,HLA-A*24:02,,RFPLTFGWCF
3VXR,,HLA-A*24:02,,RYPLTFGWCF
3VXS,,HLA-A*24:02,,RYPLTLGWCF
3VXU,,HLA-A*24:02,,RFPLTFGWCF
3W0W,,HLA-A24,,RFPLTFGWCF
4EUP,,HLA-A*02:01,,ALGIGILTV
4FTV,,HLA-A*02:01,,LLFGYPVYV
4G8G,,HLA-B*27:05,,KRWIILGLNK
4G9F,,HLA-B*27:05,,KRWIIMGLNK
4JFD,,HLA-A*02:01,,ELAAIGILTV
4JFE,,HLA-A*02:01,,ELAGIGALTV
4JFF,,HLA-A*02:01,,ELAGIGILTV
4JRX,,HLA-B*35:05,,LPEPLPQGQLTAY
4JRY,,HLA-B*35:05,,LPEPLPQGQLTAY
4L3E,,HLA-A*02:01,,ELAGIGILTV
4MJI,,HLA-B*51:01,,TAFTIPSI
4MNQ,,HLA-A*02:01,,ILAKFLHWL
4MS8,,H2-Ld,,SPAEAGFFL
4MVB,,H2-Ld,,QPAEGGFQL
4MXQ,,H2-Ld,,SPAPRPLDL
4N0C,,H2-LD,,MPAGRPWDL
4N5E,,H2-Ld,,VPYMAEFGM
4NHU,,H2-Ld,,GGAPWNPAMMI
4PRH,,HLA-B*35:08,,HPVGDADYFEY
4PRI,,HLA-B*35:05,,HPVGEADYFEY
4PRP,,HLA-B*35:01,,HPVGQADYFEY
4QOK,,HLA-A*02:01,,EAAGIGILTV
4QRP,,HLA-B*08:01,,HSKKKCDEL
4QRR,,HLA-B*35:01,,IPSINVHHY
5BRZ,,HLA-A*01:01,,EVDPIGHLY
5BS0,,HLA-A*01:01,,ESDPIVAQY
5C07,,HLA-A*02:01,,YQFGPDFPIA
5C08,,HLA-A*02:01,,RQWGPDPAAV
5C09,,HLA-A*02:01,,YLGGPDFPTI
5C0A,,HLA-A*02:01,,MVWGPDPLYV
5C0B,,HLA-A*02:01,,RQFGPDFPTI
5C0C,,HLA-A*02:01,,RQFGPDWIVA
5D2L,,HLA-A*02:01,,NLVPMVATV
5D2N,,HLA-A*02:01,,NLVPMVATV
5E6I,,HLA-A*02:01,,GILGFVFTL
5E9D,,HLA-A*02:01,,ELAGIGILTV
5EU6,,HLA-A*02:01,,YLEPGPVTV
5EUO,,HLA-A*02:01,,GILGFVFTL
5HHM,,HLA-A*02:01,,GILGLVFTL
5HHO,,HLA-A*02:01,,GILEFVFTL
5HYJ,,HLA-A*02:01,,AQWGPDPAAA
5ISZ,,HLA-A*02:01,,GILGFVFTL
5IVX,,H2-Dd,,RGPGRAFVTI
5JHD,,HLA-A*02:01,,GILGFVFTL
5JZI,,HLA-A*02:01,,KLVALGINAV
5M00,,H2-Db,,KAVANFATM
5M01,,H2-Db,,KAPANFATM
5M02,,H2-Db,,KAPFNFATM
5MEN,,HLA-A*02:01,,ILAKFLHWL
5NHT,,HLA-A*02:01,,ELAGIGILTV
5NME,,HLA-A*02:01,,SLYNTVATL
5NMF,,HLA-A*02:01,,SLYNTIATL
5NMG,,HLA-A*02:01,,SLFNTIAVL
5NQK,,HLA-A*02:01,,ELAGIGILTV
5SWS,,H2-Db,,ASNENMETM
5SWZ,,H2-Db,,ASNENMETM
5TEZ,,HLA-A*02:01,,GILGFVFTL
5TIL,,H2-Db,,KAPYNFATM
5TJE,,H2-Db,,KAVYNFATM
5W1V,,HLA-E,,VMAPRTLIL
5W1W,,HLA-E,,VMAPRTLVL
5WKF,,HLA-A*11:01,,GTSGSPIVNR
5WKH,,HLA-A*11:01,,GTSGSPIINR
5WLG,,H2-Db,,SQLLNAKYL
5XOT,,HLA-B*35:01,,IPLTEEAEL
5XOV,,HLA-A*24:02,,RYPLTFGWCF
5YXN,,HLA-A*02:01,,KLVALGINAV
5YXU,,HLA-A*02:01,,KLVALGINAV
6AM5,,HLA-A*02:01,,SMLGIGIVPV
6AMU,,HLA-A*02:01,,MMWDRGLGMM
6AVF,,HLA-B*07:02,,APRGPHGGAASGL
6AVG,,HLA-B*07:02,,APRGPHGGAASGL
6BJ2,,HLA-B*35:01,,IPLTEEAEL
6BJ3,,HLA-B*35:01,,IPLTEEAEL
6BJ8,,HLA-B*35:01,,VPLTEDAEL
6D78,,HLA-A*02:01,,AAGIGILTV
6DKP,,HLA-A*02:01,,ELAGIGILTV
6EQA,,HLA-A*02:01,,AAGIGILTV
6EQB,,HLA-A*02:01,,AAGIGILTV
6G9Q,,H2-Db,,KAPYDYAPI
6L9L,,H2-Ld,,SPSYAYHQF
6MTM,,HLA-B*37:01,,FEDLRVLSF
6P64,,HLA-A*02:06,,KQWLVWLFL
6Q3S,,HLA-A2,,SLLMWITQV
6R2L,,HLA-A*02:01,,SLSKILDTV
6RP9,,HLA-A*02:01,,SLLMWITQV
6RPA,,HLA-A*02:01,,SLLMWITQV
6RPB,,HLA-A*02:01,,SLLMWITQV
6RSY,,HLA-A*02:01,,RMFPNAPYL
6TMO,,HLA-A*02:01,,EAAGIGILTV
6TRO,,HLA-A*02:01,,GVYDGREHTV
6UK2,,HLA-A*02:06,,KQWLVWLLL
6UK4,,HLA-A*02:06,,KQWLVWLFL
6ULN,,HLA-C*08:02,,GADGVGKSA
6ULR,,HLA-C*08:02,,GADGVGKSA
6UON,,HLA-C*08:02,,GADGVGKSAL
6UZ1,,HLA-A2,,LLFGYPVYV
6VM7,,HLA-A2,,ITDQVPFSV
6VM8,,HLA-A2,,IMDQVPFSV
6VM9,,HLA-A2,,IMDQVPFSV
6VMA,,HLA-A2,,ITDQVPFSV
6VMC,,HLA-A2,,ILDQVPFSV
6VMX,,HLA-B*07:02,,RPPIFIRRL
6VQO,,HLA-A*02:01,,HMTEVVRHC
6VRM,,HLA-A*02:01,,HMTEVVRHC
6VRN,,HLA-A*02:01,,HMTEVVRHC
6ZKW,,HLA-E,,RLPAKAPLL
6ZKX,,HLA-E,,RLPAKAPLLGCG
6ZKY,,HLA-E,,RLPAKAPLX
6ZKZ,,HLA-E,,RLPAKAPLX
7BYD,,Mamu-B*05104,,XGGAI
7DZM,,HLA-B*81:01,,TPQDLNTML
7DZN,,HLA-B*42:01,,TPQDLNTML
7JWI,,H2Db,,ASNENMETM
7JWJ,,H2Db,,ASNENMETM
7L1D,,HLA-A*03:01,,ALHGGWTTK
7N1E,,HLA-A2,,RLQSLQTYV
7N1F,,HLA-A2,,YLQPRTFLL
7N2N,,HLA-B*27,,TRLALIAPK
7N2O,,HLA-B*27,,LRVMMLAPF
7N2P,,HLA-B*27,,GQVMVVAPR
7N2Q,,HLA-B*27,,LRVMMLAPF
7N2R,,HLA-B*27,,TRLALIAPK
7N2S,,HLA-B*27,,TRLALIAPK
7N4K,,H2-Db,,SSLENFRAYV
7N5C,,H2-Db,,SSLCNFRAYV
7N5P,,H2-Db,,SSLCNFRAYV
7N6E,,HLA-A2,,YLQPRTFLL
7NA5,,H2-Db,,YGFRNVVHI
7NDQ,,HLA-E,,RMYSPVSIL
7NDT,,HLA-E,,VMAPRTLIX
7NDU,,HLA-E,,RMYSPVSIX
7NME,,HLA-A24,,QLPRLFPLL
7NMF,,HLA-A24,,QLPRLFPLL
7NMG,,HLA-A24,,LWMRLLPLL
7OW5,,HLA-A*11:01,,VVVGAGGVGK
7OW6,,HLA-A*11:01,,VVVGADGVGK
7PB2,,HLA-A*11:01,,VVVGADGVGK
7PBC,,HLA-A*02:01,,GLYDGMEHL
7PBE,,HLA-A*02:01,,YLQPRTFLL
7PDW,,HLA-A*02:01,,GLYDGMEHL
7PHR,,HLA-A2,,YLEPGPVTV
7Q99,,HLA-A*02,,NLSALGIFST
7Q9A,,HLA-A*02,,LLLGIGILVL
7Q9B,,HLA-A*02,,EAAGIGILTV
7QPJ,,HLA-A*02:01,,GLYDGMEHL
7R80,,HLA-B*5301,,QASQEVKNW
7RK7,,HLA-A2,,YMDGTMSQV
7RM4,,HLA-A2,,HMTEVVRHC
7RRG,,HLA-A*03:01,,ALHGGWTTK
7RTR,,HLA-A*02:01,,YLQPRTFLL
7SU9,,HLA-C*05:01,,GADGVGKSL
8CX4,,HLA-B*27,,LRVMMLAPF
8D5Q,,H2-Ld,,HPGSVNEFDF
8DNT,,HLA-A*02:01,,LLLDRLNQL
8GOM,,HLA-A2,,RLQSLQTYV
8GON,,HLA-A2,,RLQSLQIYV
8GVB,,HLA-A24,,RYPLTFGW
8GVG,,HLA-A24,,RFPLTFGW
8GVI,,HLA-A24,,RYPLTFGW
8I5C,,HLA-A*11:01,,VVGAVGVGK
8I5D,,HLA-A*11:01,,VVGAVGVGK
8SHI,,HLA-C*06:02,,VRSRRXLRL