,CDR3b,epitope
0,CASRPGLAGGRPEQYF,IPLTEEAEL
1,CASSYPGGGFYEQYF,FLRGRAYGL
2,CTCSADRVGNTLYF,HMTEVVRHC
3,CASGGGGTLYF,TAFTIPSI
4,CTCSAAPDWGASAETLYF,KQWLVWLFL
5,CASSDWVSYEQYF,TPQDLNTML
6,CASSLGQAYEQYF,ELAGIGALTV
7,CASGGGGTLYF,VPLTEDAEL
8,CTCSADRVGNTLYF,AAGIGILTV
9,CASSSRSSYEQYF,SPSYAYHQF
10,CASRPGLAGGRPEQYF,QLSPFPFDL
11,CASRPGLAGGRPEQYF,SIYRYYGL
12,CASRPGLAGGRPEQYF,SPAEAGFFL
13,CASPGLAGEYEQYF,TPQDLNTML
14,CASSYVGNTGELFF,HPVGEADYFEY
15,CASSYVGNTGELFF,GILGFVFTL
16,CASGGGGTLYF,VRSRRXLRL
17,CASGGGGTLYF,ALWGFFPVL
18,CASSQDRDTQYF,GLYDGMEHL
19,CASSYVGNTGELFF,ALHGGWTTK
20,CASSYVGNTGELFF,EVDPIGHLY
21,CASRPGLAGGRPEQYF,ITDQVPFSV
22,CASSDWVSYEQYF,RLQSLQTYV
23,CASSDWVSYEQYF,MMWDRGLGMM
24,CATGTGDSNQPQHF,QLPRLFPLL
25,CASGGGGTLYF,ALWGFFPVL
26,CTCSADRVGNTLYF,QLSPFPFDL
27,CASSYLGNTGELFF,NLSALGIFST
28,CASSYLGNTGELFF,HPGSVNEFDF
29,CASSYLGNTGELFF,LLFGFPVYV
30,CASSDWVSYEQYF,GADGVGKSAL
31,CASSSRSSYEQYF,EPLPQGQLTAY
32,CASSSRSSYEQYF,FEDLRVLSF
33,CASSSRASYEQYF,ILDQVPFSV
34,CASTGSYGYTF,ASNENMETM
35,CASRPGLAGGRPEQYF,SPAPRPLDL
36,CASRPGLAGGRPEQYF,KLVALGINAV
37,CASRYRDDSYNEQFF,KQWLVWLFL
38,CASGGGGTLYF,RFPLTFGWCF
39,CASGGGGTLYF,KAPFNFATM
40,CASSFTWTSGGATDTQYF,FLRGRAYGL
41,CASSPVTGGIYGYTF,HMTEVVRHC
42,CASRPGLAGGRPEQYF,ALWGPDPAAA
43,CAWSETGLGTGELFF,FLSPFWFDI
44,CASSLGQAYEQYF,LLFGYAVYV
45,CASSLGQAYEQYF,GILGFVFTL
46,CASPGLAGEYEQYF,GILGFVFTL
47,CASSARSGELFF,SLLMWITQV
48,CASSARSGELFF,SLLMWITQV
49,CASSARSGELFF,KLVALGINAV
50,CSARDGTGNGYTF,RQWGPDPAAV
51,CASSFGREQYF,LRVMMLAPF
52,CASRPGLAGGRPEQYF,IMDQVPFSV
53,CASSLSFGTEAFF,RFPLTFGWCF
54,CASSLSFGTEAFF,VPYMAEFGM
55,CAISEVGVGQPQHF,SQYYYNSL
56,CAISEVGVGQPQHF,ELAGIGILTV
57,CASRPGLAGGRPEQYF,IPSINVHHY
58,CASGDFWGDTLYF,KAVANFATM
59,CASGQGNFDIQYF,LLFGYPVYV
60,CASSDAPGQLYF,INFDFNTI
61,CASSDAPGQLYF,LLFGYPVYV
62,CASSDAPGQLYF,YGFRNVVHI
63,CASSLWEKLAKNIQYF,RLQSLQTYV
64,CASSLWEKLAKNIQYF,RYPLTFGW
65,CASSPTSGIYEQYF,QPAEGGFQL
66,CASSSWDTGELFF,KAPANFATM
67,CASSSWDTGELFF,EAAGIGILTV
68,CASSGASHEQYF,NLVPMVATV
69,CASSGASHEQYF,LRVMMLAPF
70,CASSFLGTGVEQYF,RQFGPDWIVA
71,CASRPGLMSAQPEQYF,SQLLNAKYL
72,CASREGLGGTEAFF,KAFSPEVIPMF
73,CASREGLGGTEAFF,GTSGSPIINR
74,CAWSETGLGMGGWQF,ALWGFFPVL
75,CAWSETGLGMGGWQF,RLPAKAPLL
76,CAWSETGLGMGGWQF,SLYNTVATL
77,CASPGETEAFF,LWMRLLPLL
78,CASSRTGSTYEQYF,KRWIIMGLNK
79,CASSWSFGTEAFF,LLFGYPVYV
80,CASSLTGGGELFF,QASQEVKNW
81,CASSYQGTEAFF,HPVGEADYFEY
82,CASSDAPGQLYF,SPLDSLWWI
83,CASSDAPGQLYF,LLFGYPVYV
84,CASSDAPGQLYF,YLGGPDFPTI
85,CASSDAPGQLYF,ELAGIGILTV
86,CASSDAPGQLYF,GLCTLVAML
87,CASGGGGTLYF,ILAKFLHWL
88,CASSARSGELFF,LRVMMLAPF
89,CASSARSGELFF,SLFNTIAVL
90,CASSARSGELFF,YLQPRTFLL
91,CAWSETGLGTGELFF,ELAGIGILTV
92,CASSLRGRGDQPQHF,ELAGIGILTV
93,CASSLEGGYYNEQFF,LLLDRLNQL
94,CASSFNMATGQYF,GILGFVFTL
95,CASSFNMATGQYF,QLSDVPMDL
96,CASSLWEKLAKNIQYF,ASNENMETM
97,CASSLWEKLAKNIQYF,RLPAKAPLX
98,CASSLWEKLAKNIQYF,ALWGFFPVL
99,CASSLWEKLAKNIQYF,KAVYNFATM
100,CASSLWEKLAKNIQYF,GILEFVFTL
101,CASSLWEKLAKNIQYF,LLLGIGILVL
102,CASSQTQLWETQYF,SLYNTIATL
103,CASSLAPGTTNEKLFF,SLLMWITQC
104,CASSLIYPGELFF,RYPLTLGWCF
105,CASRPGWMAGGVELYF,GILGFVFTL
106,CASSFIGGTDTQYF,SLLMWITQC
107,CASSIRSSYEQYF,VMAPRTLVL
108,CASSSRSSYEQYF,RQFGPDFPTI
109,CASSIRSSYEQYF,QLSPFPFDL
110,CASSLWEKLAKNIQYF,VVGAVGVGK
111,CASSIFGQREQYF,MVWGPDPLYV
112,CASSLGHTEVFF,RYPLTFGWCF
113,CASSIGVYGYTF,NLVPMVATV
114,CASRRGPYEQYF,EEYLKAWTF
115,CASSDAGGRNTLYF,FLRGRAYGL
116,CASSDAGGRNTLYF,RLPAKAPLX
117,CASSDAGGRNTLYF,RMYSPVSIL
118,CASSYQGTEAFF,KAPYNFATM
119,CASSQGLAGAGELFF,GILGFVFTL
120,CASSDTVSYEQYF,AAGIGILTV
121,CASSDTVSYEQYF,KQWLVWLLL
122,CASSDTVSYEQYF,RMFPNAPYL
123,CASSQGLAGAGELFF,ESDPIVAQY
124,CASSAGLDAEQYF,YQFGPDFPIA
125,CASSRDLGRDTQYF,GLYDGMEHL
126,CASSLLGGWSEAFF,RMYSPVSIX
127,CASSDAGGRNTLYF,SLLMWITQC
128,CASSDAGGRNTLYF,YLQPRTFLL
129,CASSANPGDSSNEKLFF,AAGIGILTV
130,CASSANPGDSSNEKLFF,GILGFVFTL
131,CASSLGQGLLYGYTF,SLLMWITQV
132,CASSLGQGLLYGYTF,IPLTEEAEL
133,CASSDWGDTGQLYF,SIYRYYGL
134,CASRTRGGTLIEQYF,RGYVYQGL
135,CAWSVSVGAGVPTIYF,ITDQVPFSV
136,CASRRGPYEQYF,LGYGFVNYI
137,CASRRGSAELYF,YLQPRTFLL
138,CASSLSFGTEAFF,VVVGADGVGK
139,CASSLSFGTEAFF,HMTEVVRHC
140,CASSQRQEGDTQYF,SSLENFRAYV
141,CASSGGHTGSNEQFF,QLSPFPFDL
142,CASSFRGGKTQYF,EAAGIGILTV
143,CASRTRGGTLIEQYF,SSLCNFRAYV
144,CASRTRGGTLIEQYF,VMAPRTLIX
145,CASSWSFGTEAFF,TRLALIAPK
146,CASSWSFGTEAFF,NLVPMVATV
147,CAWSETGLGTGELFF,RYPLTFGW
148,CAWSETGLGMGGWQF,KVITFIDL
149,CASSDAGGRNTLYF,HSKKKCDEL
150,CASSDGDYEQYF,ELAGIGILTV
151,CASSMSAMGTEAFF,AQWGPDPAAA
152,CASSRTSPTDTQYF,KAPYDYAPI
153,CASSYVGNTGELFF,RGYVYQGL
154,CASSPLDVSISSYNEQFF,YLEPGPVTV
155,CASSSPGGVSTEAFF,MPAGRPWDL
156,CSVGGSGGADTQYF,ALGIGILTV
157,CASSYLNRDSALDF,HPVGEADYFEY
158,CASSLGFGRDVMRF,AAGIGILTV
159,CAWSETGLGMGGWQF,ASNENMETM
160,CASSFLMTSGDPYEQYF,KLVALGINAV
161,CASSRTSPTDTQYF,TRLALIAPK
162,CASSRTSPTDTQYF,SLLMWITQV
163,CASSLGQTNYGYTF,SMLGIGIVPV
164,CASSLGEGRVDGYTF,HPVGEADYFEY
165,CASSDPGTEAFF,HMTEVVRHC
166,CASRPGAAGGRPELYF,LLFGYPVYV
167,CASSITLSSYNEQFF,GILGFVFTL
168,CASSITLSSYNEQFF,YLEPGPVTV
169,CASSMGGTYEQYF,EEYLQAFTY
170,CASSMGGTYEQYF,GLYDGMEHL
171,CASSMGGTYEQYF,SLLMWITQC
172,CASSQDLFTGGYTF,MLWGYLQYV
173,CASSIQQGADTQYF,FLRGRAYGL
174,CASSEGLWQVGDEQYF,EQYKFYSV
175,CAISELVTGDSPLHF,IMDQVPFSV
176,CASSYSIRGSRGEQFF,HPVGQADYFEY
177,CASSYSIRGSRGEQFF,INFDFNTI
178,CASSYSIRGSRGEQFF,ELAGIGILTV
179,CASSYSIRGSRGEQFF,EENLLDFVRF
180,CASSQDLGAGEVYEQYF,GGAPWNPAMMI
181,CASSLGIDAIYF,SLLMWITQC
182,CASSLGIDAIYF,GILGLVFTL
183,CASSRDLGRDTQYF,SLSKILDTV
184,CASSRGTIHSNTEVFF,VVVGADGVGK
185,CASSGLAGGPVSGANVLTF,GILGFVFTL
186,CASSLGGAGGADTQYF,ELAGIGILTV
187,CASSPDIEQYF,GADGVGKSA
188,CASSVGLFSTDTQYF,ELAGIGILTV
189,CASSVGLFSTDTQYF,RFPLTFGW
190,CASSVATYSTDTQYF,SLLMWITQC
191,CASSVATYSTDTQYF,LLFGYPVAV
192,CASSVATYSTDTQYF,VVVGAGGVGK
193,CASSVGLYSTDTQYF,EQYKFYSV
194,CASSFGREQYF,LLFGFPVYV
195,CASSFGREQYF,RPPIFIRRL
196,CASSFGREQYF,LLFGYAVYV
197,CAGQVTNTGELFF,QLPRLFPLL
198,CASSQEPGGYAEQFF,RYPLTFGWCF
199,CASSLGREYGYTF,AAGIGILTV
200,CASSQDRDTQYF,LLFGFPVYV
201,CASSLGREYGYTF,KVITFIDL
202,CASSLHHEQYF,GTSGSPIVNR
203,CASSLHHEQYF,EQYKFYSV
204,CASSLHHEQYF,ELAAIGILTV
205,CASKVGPGQHNSPLHF,GQVMVVAPR
206,CASKVGPGQHNSPLHF,VMAPRTLIL
207,CASSYGPGQHNSPLHF,VVGAVGVGK
208,CASSFTDTQYF,ALWGPDPAAA
209,CASSSANSGELFF,ASNENMETM
210,CASSFTDTQYF,YLQPRTFLL
211,CASSWGAPYEQYF,ALWGFFPVL
212,CAWSETGLGTGELFF,YMDGTMSQV
213,CAWSETGLGTGELFF,GVYDGREHTV
214,CASSYSFTEATYEQYF,ALHGGWTTK
215,CASSFATEAFF,IPLTEEAEL
216,CASSYGTGINYGYTF,RGPGRAFVTI
217,CASSLDPGDTGELFF,LLFGKPVYV
218,CASSLVAETYEQYF,ELAGIGILTV
219,CASSPDIEQYF,HPVGDADYFEY
220,CASSLGEGRVDGYTF,RFPLTFGWCF
221,CASSVGTYSTDTQYF,KRWIILGLNK
222,CTCSAGRGGYAEQFF,VMAPRTLIL
223,CASSLDLGADEQFF,SSLENFRAYV
224,CASTWGRASTDTQYF,RLQSLQIYV
225,CASTWGRASTDTQYF,GADGVGKSL
226,CASSDRDRVPETQYF,TRLALIAPK
227,CASSDRDRVPETQYF,INFDFNTI
228,CASSLRDRVPETQYF,ILAKFLHWL
229,CASGDTGGYEQYF,GILGFVFTL
230,CASSLEGTVEETLYF,LLFGYPRYV
231,CASSYSEGEDEAFF,GADGVGKSA
232,CASRPGLAGGRPEQYF,SSLCNFRAYV
233,CASSYPGGGFYEQYF,EAAGIGILTV
234,CASSYPGGGFYEQYF,SLLMWITQV